peptide_name	Variant	aa_seq	prot_num	full_aa_seq	real_start_pos	full name	uniref_func
agilent_235068	HLA_A_0101	NFVPKEGVKKADKFIVIERKKKNINTTPVDISIIDSVTDRTYPAALQLANKGFTENKPDAVVTK (1/1)	prot_16932	MSNKKTFKKYSRVAGLLTAALIIGNLVTANAESNKQNTASTETTTTNEQPKPESSELTTEKAGQKTDDMLNSNDMIKLAPKEMPLESAEKEEKKSEDKKKSEEDHTEEINDKIYSLNYNELEVLAKNGETIENFVPKEGVKKADKFIVIERKKKNINTTPVDISIIDSVTDRTYPAALQLANKGFTENKPDAVVTKRNPQKIHIDLPGMGDKATVEVNDPTYANVSTAIDNLVNQWHDNYSGGNTLPARTQYTESMVYSKSQIEAALNVNSKILDGTLGIDFKSISKGEKKVMIAAYKQIFYTVSANLPNNPADVFDKSVTFKELQRKGVSNEAPPLFVSNVAYGRTVFVKLETSSKSNDVEAAFSAALKGTDVKTNGKYSDILENSSFTAVVLGGDAAEHNKVVTKDFDVIRNVIKDNATFSRKNPAYPISYTSVFLKNNKIAGVNNRTEYVETTSTEYTSGKINLSHQGAYVAQYEILWDEINYDDKGKEVITKRRWDNNWYSKTSPFSTVIPLGANSRNIRIMARECTGLAWEWWRKVIDERDVKLSKEINVNISGSTLSPYGSITYK	132.0	VFG000976(gb|NP_268546) (slo) streptolysin O precursor [SLO (VF0250)] [Streptococcus pyogenes M1 GAS]	Streptolysin O n=132 Tax=Streptococcus TaxID=1301 RepID=TACY_STRP8
agilent_235068	HLA_DPA1_0201	NFVPKEGVKKADKFIVIERKKKNINTTPVDISIIDSVTDRTYPAALQLANKGFTENKPDAVVTK (1/1)	prot_16932	MSNKKTFKKYSRVAGLLTAALIIGNLVTANAESNKQNTASTETTTTNEQPKPESSELTTEKAGQKTDDMLNSNDMIKLAPKEMPLESAEKEEKKSEDKKKSEEDHTEEINDKIYSLNYNELEVLAKNGETIENFVPKEGVKKADKFIVIERKKKNINTTPVDISIIDSVTDRTYPAALQLANKGFTENKPDAVVTKRNPQKIHIDLPGMGDKATVEVNDPTYANVSTAIDNLVNQWHDNYSGGNTLPARTQYTESMVYSKSQIEAALNVNSKILDGTLGIDFKSISKGEKKVMIAAYKQIFYTVSANLPNNPADVFDKSVTFKELQRKGVSNEAPPLFVSNVAYGRTVFVKLETSSKSNDVEAAFSAALKGTDVKTNGKYSDILENSSFTAVVLGGDAAEHNKVVTKDFDVIRNVIKDNATFSRKNPAYPISYTSVFLKNNKIAGVNNRTEYVETTSTEYTSGKINLSHQGAYVAQYEILWDEINYDDKGKEVITKRRWDNNWYSKTSPFSTVIPLGANSRNIRIMARECTGLAWEWWRKVIDERDVKLSKEINVNISGSTLSPYGSITYK	132.0	VFG000976(gb|NP_268546) (slo) streptolysin O precursor [SLO (VF0250)] [Streptococcus pyogenes M1 GAS]	Streptolysin O n=132 Tax=Streptococcus TaxID=1301 RepID=TACY_STRP8
agilent_235068	HLA_DPB1_0101	NFVPKEGVKKADKFIVIERKKKNINTTPVDISIIDSVTDRTYPAALQLANKGFTENKPDAVVTK (1/1)	prot_16932	MSNKKTFKKYSRVAGLLTAALIIGNLVTANAESNKQNTASTETTTTNEQPKPESSELTTEKAGQKTDDMLNSNDMIKLAPKEMPLESAEKEEKKSEDKKKSEEDHTEEINDKIYSLNYNELEVLAKNGETIENFVPKEGVKKADKFIVIERKKKNINTTPVDISIIDSVTDRTYPAALQLANKGFTENKPDAVVTKRNPQKIHIDLPGMGDKATVEVNDPTYANVSTAIDNLVNQWHDNYSGGNTLPARTQYTESMVYSKSQIEAALNVNSKILDGTLGIDFKSISKGEKKVMIAAYKQIFYTVSANLPNNPADVFDKSVTFKELQRKGVSNEAPPLFVSNVAYGRTVFVKLETSSKSNDVEAAFSAALKGTDVKTNGKYSDILENSSFTAVVLGGDAAEHNKVVTKDFDVIRNVIKDNATFSRKNPAYPISYTSVFLKNNKIAGVNNRTEYVETTSTEYTSGKINLSHQGAYVAQYEILWDEINYDDKGKEVITKRRWDNNWYSKTSPFSTVIPLGANSRNIRIMARECTGLAWEWWRKVIDERDVKLSKEINVNISGSTLSPYGSITYK	132.0	VFG000976(gb|NP_268546) (slo) streptolysin O precursor [SLO (VF0250)] [Streptococcus pyogenes M1 GAS]	Streptolysin O n=132 Tax=Streptococcus TaxID=1301 RepID=TACY_STRP8
agilent_235068	HLA_DQA1_0201	NFVPKEGVKKADKFIVIERKKKNINTTPVDISIIDSVTDRTYPAALQLANKGFTENKPDAVVTK (1/1)	prot_16932	MSNKKTFKKYSRVAGLLTAALIIGNLVTANAESNKQNTASTETTTTNEQPKPESSELTTEKAGQKTDDMLNSNDMIKLAPKEMPLESAEKEEKKSEDKKKSEEDHTEEINDKIYSLNYNELEVLAKNGETIENFVPKEGVKKADKFIVIERKKKNINTTPVDISIIDSVTDRTYPAALQLANKGFTENKPDAVVTKRNPQKIHIDLPGMGDKATVEVNDPTYANVSTAIDNLVNQWHDNYSGGNTLPARTQYTESMVYSKSQIEAALNVNSKILDGTLGIDFKSISKGEKKVMIAAYKQIFYTVSANLPNNPADVFDKSVTFKELQRKGVSNEAPPLFVSNVAYGRTVFVKLETSSKSNDVEAAFSAALKGTDVKTNGKYSDILENSSFTAVVLGGDAAEHNKVVTKDFDVIRNVIKDNATFSRKNPAYPISYTSVFLKNNKIAGVNNRTEYVETTSTEYTSGKINLSHQGAYVAQYEILWDEINYDDKGKEVITKRRWDNNWYSKTSPFSTVIPLGANSRNIRIMARECTGLAWEWWRKVIDERDVKLSKEINVNISGSTLSPYGSITYK	132.0	VFG000976(gb|NP_268546) (slo) streptolysin O precursor [SLO (VF0250)] [Streptococcus pyogenes M1 GAS]	Streptolysin O n=132 Tax=Streptococcus TaxID=1301 RepID=TACY_STRP8
agilent_235068	HLA_DQB1_0201	NFVPKEGVKKADKFIVIERKKKNINTTPVDISIIDSVTDRTYPAALQLANKGFTENKPDAVVTK (1/1)	prot_16932	MSNKKTFKKYSRVAGLLTAALIIGNLVTANAESNKQNTASTETTTTNEQPKPESSELTTEKAGQKTDDMLNSNDMIKLAPKEMPLESAEKEEKKSEDKKKSEEDHTEEINDKIYSLNYNELEVLAKNGETIENFVPKEGVKKADKFIVIERKKKNINTTPVDISIIDSVTDRTYPAALQLANKGFTENKPDAVVTKRNPQKIHIDLPGMGDKATVEVNDPTYANVSTAIDNLVNQWHDNYSGGNTLPARTQYTESMVYSKSQIEAALNVNSKILDGTLGIDFKSISKGEKKVMIAAYKQIFYTVSANLPNNPADVFDKSVTFKELQRKGVSNEAPPLFVSNVAYGRTVFVKLETSSKSNDVEAAFSAALKGTDVKTNGKYSDILENSSFTAVVLGGDAAEHNKVVTKDFDVIRNVIKDNATFSRKNPAYPISYTSVFLKNNKIAGVNNRTEYVETTSTEYTSGKINLSHQGAYVAQYEILWDEINYDDKGKEVITKRRWDNNWYSKTSPFSTVIPLGANSRNIRIMARECTGLAWEWWRKVIDERDVKLSKEINVNISGSTLSPYGSITYK	132.0	VFG000976(gb|NP_268546) (slo) streptolysin O precursor [SLO (VF0250)] [Streptococcus pyogenes M1 GAS]	Streptolysin O n=132 Tax=Streptococcus TaxID=1301 RepID=TACY_STRP8
agilent_235068	HLA_DQB1_0202	NFVPKEGVKKADKFIVIERKKKNINTTPVDISIIDSVTDRTYPAALQLANKGFTENKPDAVVTK (1/1)	prot_16932	MSNKKTFKKYSRVAGLLTAALIIGNLVTANAESNKQNTASTETTTTNEQPKPESSELTTEKAGQKTDDMLNSNDMIKLAPKEMPLESAEKEEKKSEDKKKSEEDHTEEINDKIYSLNYNELEVLAKNGETIENFVPKEGVKKADKFIVIERKKKNINTTPVDISIIDSVTDRTYPAALQLANKGFTENKPDAVVTKRNPQKIHIDLPGMGDKATVEVNDPTYANVSTAIDNLVNQWHDNYSGGNTLPARTQYTESMVYSKSQIEAALNVNSKILDGTLGIDFKSISKGEKKVMIAAYKQIFYTVSANLPNNPADVFDKSVTFKELQRKGVSNEAPPLFVSNVAYGRTVFVKLETSSKSNDVEAAFSAALKGTDVKTNGKYSDILENSSFTAVVLGGDAAEHNKVVTKDFDVIRNVIKDNATFSRKNPAYPISYTSVFLKNNKIAGVNNRTEYVETTSTEYTSGKINLSHQGAYVAQYEILWDEINYDDKGKEVITKRRWDNNWYSKTSPFSTVIPLGANSRNIRIMARECTGLAWEWWRKVIDERDVKLSKEINVNISGSTLSPYGSITYK	132.0	VFG000976(gb|NP_268546) (slo) streptolysin O precursor [SLO (VF0250)] [Streptococcus pyogenes M1 GAS]	Streptolysin O n=132 Tax=Streptococcus TaxID=1301 RepID=TACY_STRP8
agilent_235068	HLA_DRB1_0301	NFVPKEGVKKADKFIVIERKKKNINTTPVDISIIDSVTDRTYPAALQLANKGFTENKPDAVVTK (1/1)	prot_16932	MSNKKTFKKYSRVAGLLTAALIIGNLVTANAESNKQNTASTETTTTNEQPKPESSELTTEKAGQKTDDMLNSNDMIKLAPKEMPLESAEKEEKKSEDKKKSEEDHTEEINDKIYSLNYNELEVLAKNGETIENFVPKEGVKKADKFIVIERKKKNINTTPVDISIIDSVTDRTYPAALQLANKGFTENKPDAVVTKRNPQKIHIDLPGMGDKATVEVNDPTYANVSTAIDNLVNQWHDNYSGGNTLPARTQYTESMVYSKSQIEAALNVNSKILDGTLGIDFKSISKGEKKVMIAAYKQIFYTVSANLPNNPADVFDKSVTFKELQRKGVSNEAPPLFVSNVAYGRTVFVKLETSSKSNDVEAAFSAALKGTDVKTNGKYSDILENSSFTAVVLGGDAAEHNKVVTKDFDVIRNVIKDNATFSRKNPAYPISYTSVFLKNNKIAGVNNRTEYVETTSTEYTSGKINLSHQGAYVAQYEILWDEINYDDKGKEVITKRRWDNNWYSKTSPFSTVIPLGANSRNIRIMARECTGLAWEWWRKVIDERDVKLSKEINVNISGSTLSPYGSITYK	132.0	VFG000976(gb|NP_268546) (slo) streptolysin O precursor [SLO (VF0250)] [Streptococcus pyogenes M1 GAS]	Streptolysin O n=132 Tax=Streptococcus TaxID=1301 RepID=TACY_STRP8
agilent_235068	HLA_DRB1_0701	NFVPKEGVKKADKFIVIERKKKNINTTPVDISIIDSVTDRTYPAALQLANKGFTENKPDAVVTK (1/1)	prot_16932	MSNKKTFKKYSRVAGLLTAALIIGNLVTANAESNKQNTASTETTTTNEQPKPESSELTTEKAGQKTDDMLNSNDMIKLAPKEMPLESAEKEEKKSEDKKKSEEDHTEEINDKIYSLNYNELEVLAKNGETIENFVPKEGVKKADKFIVIERKKKNINTTPVDISIIDSVTDRTYPAALQLANKGFTENKPDAVVTKRNPQKIHIDLPGMGDKATVEVNDPTYANVSTAIDNLVNQWHDNYSGGNTLPARTQYTESMVYSKSQIEAALNVNSKILDGTLGIDFKSISKGEKKVMIAAYKQIFYTVSANLPNNPADVFDKSVTFKELQRKGVSNEAPPLFVSNVAYGRTVFVKLETSSKSNDVEAAFSAALKGTDVKTNGKYSDILENSSFTAVVLGGDAAEHNKVVTKDFDVIRNVIKDNATFSRKNPAYPISYTSVFLKNNKIAGVNNRTEYVETTSTEYTSGKINLSHQGAYVAQYEILWDEINYDDKGKEVITKRRWDNNWYSKTSPFSTVIPLGANSRNIRIMARECTGLAWEWWRKVIDERDVKLSKEINVNISGSTLSPYGSITYK	132.0	VFG000976(gb|NP_268546) (slo) streptolysin O precursor [SLO (VF0250)] [Streptococcus pyogenes M1 GAS]	Streptolysin O n=132 Tax=Streptococcus TaxID=1301 RepID=TACY_STRP8
agilent_222322	HLA_DQA1_0102	DKAVLTLLGDGSKSYIQPLKVDDKNGYLAKSYAQVRNYVTESINTGKVLYTFYQNPTLVKTAIK (1/1)	prot_17783	MKNKYISKLLVGAATITLATMISNGEAKASENTQQTSTKHQTTQNNYVTDQQKAFYQVLHLKGITEEQRNQYIKTLREHPERAQEVFSESLKDSKNPDRRVAQQNAFYNVLKNDNLTEQEKNNYIAQIKENPDRSQQVWVESVQSSKAKERQNIENADKAIKDFQDNKAPHDKSAAYEANSKLPKDLRDKNNRFVEKVSIEKAIVRHDERVKSANDAISKLNVKDSIENRRLAQREVNKAPMDVKEHLQKQLDALVAQKDAEKKVAPKVEAPQIQSPQIEKPKAESPKVEVPQIQSPKVEVPQSKLLGYYQSLKDSFNYGYKYLTDTYKSYKEKYDTAKYYYNTYYKYKGAIDKAVLTLLGDGSKSYIQPLKVDDKNGYLAKSYAQVRNYVTESINTGKVLYTFYQNPTLVKTAIKAQETASSIKNTITGLFNSFWK	352.0	VFG002421(gb|NP_647158) (sbi) IgG-binding protein SBI [Sbi (VF0423)] [Staphylococcus aureus subsp. aureus MW2]	Immunoglobulin-binding protein Sbi n=295 Tax=Bacteria TaxID=2 RepID=SBI_STAA3
agilent_222322	HLA_DQB1_0602	DKAVLTLLGDGSKSYIQPLKVDDKNGYLAKSYAQVRNYVTESINTGKVLYTFYQNPTLVKTAIK (1/1)	prot_17783	MKNKYISKLLVGAATITLATMISNGEAKASENTQQTSTKHQTTQNNYVTDQQKAFYQVLHLKGITEEQRNQYIKTLREHPERAQEVFSESLKDSKNPDRRVAQQNAFYNVLKNDNLTEQEKNNYIAQIKENPDRSQQVWVESVQSSKAKERQNIENADKAIKDFQDNKAPHDKSAAYEANSKLPKDLRDKNNRFVEKVSIEKAIVRHDERVKSANDAISKLNVKDSIENRRLAQREVNKAPMDVKEHLQKQLDALVAQKDAEKKVAPKVEAPQIQSPQIEKPKAESPKVEVPQIQSPKVEVPQSKLLGYYQSLKDSFNYGYKYLTDTYKSYKEKYDTAKYYYNTYYKYKGAIDKAVLTLLGDGSKSYIQPLKVDDKNGYLAKSYAQVRNYVTESINTGKVLYTFYQNPTLVKTAIKAQETASSIKNTITGLFNSFWK	352.0	VFG002421(gb|NP_647158) (sbi) IgG-binding protein SBI [Sbi (VF0423)] [Staphylococcus aureus subsp. aureus MW2]	Immunoglobulin-binding protein Sbi n=295 Tax=Bacteria TaxID=2 RepID=SBI_STAA3
agilent_222322	HLA_DRB1_1501	DKAVLTLLGDGSKSYIQPLKVDDKNGYLAKSYAQVRNYVTESINTGKVLYTFYQNPTLVKTAIK (1/1)	prot_17783	MKNKYISKLLVGAATITLATMISNGEAKASENTQQTSTKHQTTQNNYVTDQQKAFYQVLHLKGITEEQRNQYIKTLREHPERAQEVFSESLKDSKNPDRRVAQQNAFYNVLKNDNLTEQEKNNYIAQIKENPDRSQQVWVESVQSSKAKERQNIENADKAIKDFQDNKAPHDKSAAYEANSKLPKDLRDKNNRFVEKVSIEKAIVRHDERVKSANDAISKLNVKDSIENRRLAQREVNKAPMDVKEHLQKQLDALVAQKDAEKKVAPKVEAPQIQSPQIEKPKAESPKVEVPQIQSPKVEVPQSKLLGYYQSLKDSFNYGYKYLTDTYKSYKEKYDTAKYYYNTYYKYKGAIDKAVLTLLGDGSKSYIQPLKVDDKNGYLAKSYAQVRNYVTESINTGKVLYTFYQNPTLVKTAIKAQETASSIKNTITGLFNSFWK	352.0	VFG002421(gb|NP_647158) (sbi) IgG-binding protein SBI [Sbi (VF0423)] [Staphylococcus aureus subsp. aureus MW2]	Immunoglobulin-binding protein Sbi n=295 Tax=Bacteria TaxID=2 RepID=SBI_STAA3
agilent_90858	HLA_DQA1_0201	IPKGSYSGSTYTVKKGDTLFYIAWITGNDFRDLAQRNNIQAPYALNVGQTLQVGNASGTPITGG (1/1)	prot_12033	MSAGSPKFTVRRIAALSLVSLWLAGCSDTSNPPAPVSSVNGNAPAHTNSGMLITPPPKMGTTSTAQQPQIQPVQQPQIQATQQPQIQPVQPVAQQPVQMENGRIVYNRQYGNIPKGSYSGSTYTVKKGDTLFYIAWITGNDFRDLAQRNNIQAPYALNVGQTLQVGNASGTPITGGNAITQADAAEQGVVIKPAQNSTVAVASQPTITYSESSGEQSANKMLPNNKPTATTVTAPVTVPTASTTEPTVSSTSTSTPISTWRWPTEGKVIETFGASEGGNKGIDIAGSKGQAIIATADGRVVYAGNALRGYGNLIIIKHNDDYLSAYAHNDTMLVREQQEVKAGQKIATMGSTGTSSTRLHFEIRYKGKSVNPLRYLPQR	112.0	NP_311623.1 strains_non_MPA_non_topgraph_cdhit70_190118.csv	Murein hydrolase activator NlpD n=742 Tax=Bacteria TaxID=2 RepID=NLPD_ECOLI
agilent_90858	HLA_DQB1_0202	IPKGSYSGSTYTVKKGDTLFYIAWITGNDFRDLAQRNNIQAPYALNVGQTLQVGNASGTPITGG (1/1)	prot_12033	MSAGSPKFTVRRIAALSLVSLWLAGCSDTSNPPAPVSSVNGNAPAHTNSGMLITPPPKMGTTSTAQQPQIQPVQQPQIQATQQPQIQPVQPVAQQPVQMENGRIVYNRQYGNIPKGSYSGSTYTVKKGDTLFYIAWITGNDFRDLAQRNNIQAPYALNVGQTLQVGNASGTPITGGNAITQADAAEQGVVIKPAQNSTVAVASQPTITYSESSGEQSANKMLPNNKPTATTVTAPVTVPTASTTEPTVSSTSTSTPISTWRWPTEGKVIETFGASEGGNKGIDIAGSKGQAIIATADGRVVYAGNALRGYGNLIIIKHNDDYLSAYAHNDTMLVREQQEVKAGQKIATMGSTGTSSTRLHFEIRYKGKSVNPLRYLPQR	112.0	NP_311623.1 strains_non_MPA_non_topgraph_cdhit70_190118.csv	Murein hydrolase activator NlpD n=742 Tax=Bacteria TaxID=2 RepID=NLPD_ECOLI
agilent_90858	HLA_DRB1_0701	IPKGSYSGSTYTVKKGDTLFYIAWITGNDFRDLAQRNNIQAPYALNVGQTLQVGNASGTPITGG (1/1)	prot_12033	MSAGSPKFTVRRIAALSLVSLWLAGCSDTSNPPAPVSSVNGNAPAHTNSGMLITPPPKMGTTSTAQQPQIQPVQQPQIQATQQPQIQPVQPVAQQPVQMENGRIVYNRQYGNIPKGSYSGSTYTVKKGDTLFYIAWITGNDFRDLAQRNNIQAPYALNVGQTLQVGNASGTPITGGNAITQADAAEQGVVIKPAQNSTVAVASQPTITYSESSGEQSANKMLPNNKPTATTVTAPVTVPTASTTEPTVSSTSTSTPISTWRWPTEGKVIETFGASEGGNKGIDIAGSKGQAIIATADGRVVYAGNALRGYGNLIIIKHNDDYLSAYAHNDTMLVREQQEVKAGQKIATMGSTGTSSTRLHFEIRYKGKSVNPLRYLPQR	112.0	NP_311623.1 strains_non_MPA_non_topgraph_cdhit70_190118.csv	Murein hydrolase activator NlpD n=742 Tax=Bacteria TaxID=2 RepID=NLPD_ECOLI
agilent_6129	HLA_DQA1_0103	MQDQTVPQEANSQVDNKTTNDANSIATNSELKNSQTLDLPQSSPQTISNAQGTSKPSVRTRAVR (1/1)	prot_1618	MKKRIDYLSNKQNKYSIRRFTVGTTSVIVGATILFGIGNHQAQASEQSNDTTQSSKNNASADSEKNNMIETPQLNTTANDTSDISANTNSANVDSTTKPMSTQTSNTTTTEPASTNETPQPTAIKNQATAAKMQDQTVPQEANSQVDNKTTNDANSIATNSELKNSQTLDLPQSSPQTISNAQGTSKPSVRTRAVRSLAVAEPVVNAADAKGTNVNDKVTASNFKLEKTTFDPNQSGNTFMAANFTVTDKVKSGDYFTAKLPDSLTGNGDVDYSNSNNTMPIADIKSTNGDVVAKATYDILTKTYTFVFTDYVNNKENINGQFSLPLFTDRAKAPKSGTYDANINIADEMFNNKITYNYSSPIAGIDKPNGANISSQIIGVDTASGQNTYKQTVFVNPKQRVLGNTWVYIKGYQDKIEESSGKVSATDTKLRIFEVNDTSKLSDSYYADPNDSNLKEVTDQFKNRIYYEHPNVASIKFGDITKTYVVLVEGHYDNTGKNLKTQVIQENVDPVTNRDYSIFGWNNENVVRYGGGSADGDSAVNPKDPTPGPPVDPEPSPDPEPEPTPDPEPSPDPEPEPSPDPDPDSDSDSDSGSDSDSGSDSDSESDSDSDSDSDSDSDSDSESDSDSESDSESDSDSDSDSDSDSDSDSDSDSDSDSDSDSDSDSDSDSDSDSDSDSDSDSDSDSDSDSDSDSDSDSDSDSDSDSDSDSDSDSDSDSDSDSDSDSDSDSDSDSDSDSDSDSDSDSDSDSDSDSDSDSDSDSDSDSDSDSDSDSDSDSDSDSDSDSDSDSDSDSDSDSDSDSDSRVTPPNNEQKAPSNPKGEVNHSNKVSKQHKTDALPETGDKSENTNATLFGAMMALLGSLLLFRKRKQDHKEKA	132.0	Clumping factor B precursor (Fibrinogen-binding protein B) (Fibrinogen receptor B)	Clumping factor B n=3 Tax=Staphylococcus aureus TaxID=1280 RepID=CLFB_STAA8
agilent_6129	HLA_DQB1_0603	MQDQTVPQEANSQVDNKTTNDANSIATNSELKNSQTLDLPQSSPQTISNAQGTSKPSVRTRAVR (1/1)	prot_1618	MKKRIDYLSNKQNKYSIRRFTVGTTSVIVGATILFGIGNHQAQASEQSNDTTQSSKNNASADSEKNNMIETPQLNTTANDTSDISANTNSANVDSTTKPMSTQTSNTTTTEPASTNETPQPTAIKNQATAAKMQDQTVPQEANSQVDNKTTNDANSIATNSELKNSQTLDLPQSSPQTISNAQGTSKPSVRTRAVRSLAVAEPVVNAADAKGTNVNDKVTASNFKLEKTTFDPNQSGNTFMAANFTVTDKVKSGDYFTAKLPDSLTGNGDVDYSNSNNTMPIADIKSTNGDVVAKATYDILTKTYTFVFTDYVNNKENINGQFSLPLFTDRAKAPKSGTYDANINIADEMFNNKITYNYSSPIAGIDKPNGANISSQIIGVDTASGQNTYKQTVFVNPKQRVLGNTWVYIKGYQDKIEESSGKVSATDTKLRIFEVNDTSKLSDSYYADPNDSNLKEVTDQFKNRIYYEHPNVASIKFGDITKTYVVLVEGHYDNTGKNLKTQVIQENVDPVTNRDYSIFGWNNENVVRYGGGSADGDSAVNPKDPTPGPPVDPEPSPDPEPEPTPDPEPSPDPEPEPSPDPDPDSDSDSDSGSDSDSGSDSDSESDSDSDSDSDSDSDSDSESDSDSESDSESDSDSDSDSDSDSDSDSDSDSDSDSDSDSDSDSDSDSDSDSDSDSDSDSDSDSDSDSDSDSDSDSDSDSDSDSDSDSDSDSDSDSDSDSDSDSDSDSDSDSDSDSDSDSDSDSDSDSDSDSDSDSDSDSDSDSDSDSDSDSDSDSDSDSDSDSDSDSDSDSDSDSDSDSDSRVTPPNNEQKAPSNPKGEVNHSNKVSKQHKTDALPETGDKSENTNATLFGAMMALLGSLLLFRKRKQDHKEKA	132.0	Clumping factor B precursor (Fibrinogen-binding protein B) (Fibrinogen receptor B)	Clumping factor B n=3 Tax=Staphylococcus aureus TaxID=1280 RepID=CLFB_STAA8
agilent_6129	HLA_DRB1_1301	MQDQTVPQEANSQVDNKTTNDANSIATNSELKNSQTLDLPQSSPQTISNAQGTSKPSVRTRAVR (1/1)	prot_1618	MKKRIDYLSNKQNKYSIRRFTVGTTSVIVGATILFGIGNHQAQASEQSNDTTQSSKNNASADSEKNNMIETPQLNTTANDTSDISANTNSANVDSTTKPMSTQTSNTTTTEPASTNETPQPTAIKNQATAAKMQDQTVPQEANSQVDNKTTNDANSIATNSELKNSQTLDLPQSSPQTISNAQGTSKPSVRTRAVRSLAVAEPVVNAADAKGTNVNDKVTASNFKLEKTTFDPNQSGNTFMAANFTVTDKVKSGDYFTAKLPDSLTGNGDVDYSNSNNTMPIADIKSTNGDVVAKATYDILTKTYTFVFTDYVNNKENINGQFSLPLFTDRAKAPKSGTYDANINIADEMFNNKITYNYSSPIAGIDKPNGANISSQIIGVDTASGQNTYKQTVFVNPKQRVLGNTWVYIKGYQDKIEESSGKVSATDTKLRIFEVNDTSKLSDSYYADPNDSNLKEVTDQFKNRIYYEHPNVASIKFGDITKTYVVLVEGHYDNTGKNLKTQVIQENVDPVTNRDYSIFGWNNENVVRYGGGSADGDSAVNPKDPTPGPPVDPEPSPDPEPEPTPDPEPSPDPEPEPSPDPDPDSDSDSDSGSDSDSGSDSDSESDSDSDSDSDSDSDSDSESDSDSESDSESDSDSDSDSDSDSDSDSDSDSDSDSDSDSDSDSDSDSDSDSDSDSDSDSDSDSDSDSDSDSDSDSDSDSDSDSDSDSDSDSDSDSDSDSDSDSDSDSDSDSDSDSDSDSDSDSDSDSDSDSDSDSDSDSDSDSDSDSDSDSDSDSDSDSDSDSDSDSDSDSDSDSDSDSDSRVTPPNNEQKAPSNPKGEVNHSNKVSKQHKTDALPETGDKSENTNATLFGAMMALLGSLLLFRKRKQDHKEKA	132.0	Clumping factor B precursor (Fibrinogen-binding protein B) (Fibrinogen receptor B)	Clumping factor B n=3 Tax=Staphylococcus aureus TaxID=1280 RepID=CLFB_STAA8
agilent_7803	HLA_DQA1_0103	QTISNAQGTSKPSVRTRAVRSLAVAEPVVNAADAKGTNVNDKVTASNFKLEKTTFDPNQSGNTF (1/1)	prot_1618	MKKRIDYLSNKQNKYSIRRFTVGTTSVIVGATILFGIGNHQAQASEQSNDTTQSSKNNASADSEKNNMIETPQLNTTANDTSDISANTNSANVDSTTKPMSTQTSNTTTTEPASTNETPQPTAIKNQATAAKMQDQTVPQEANSQVDNKTTNDANSIATNSELKNSQTLDLPQSSPQTISNAQGTSKPSVRTRAVRSLAVAEPVVNAADAKGTNVNDKVTASNFKLEKTTFDPNQSGNTFMAANFTVTDKVKSGDYFTAKLPDSLTGNGDVDYSNSNNTMPIADIKSTNGDVVAKATYDILTKTYTFVFTDYVNNKENINGQFSLPLFTDRAKAPKSGTYDANINIADEMFNNKITYNYSSPIAGIDKPNGANISSQIIGVDTASGQNTYKQTVFVNPKQRVLGNTWVYIKGYQDKIEESSGKVSATDTKLRIFEVNDTSKLSDSYYADPNDSNLKEVTDQFKNRIYYEHPNVASIKFGDITKTYVVLVEGHYDNTGKNLKTQVIQENVDPVTNRDYSIFGWNNENVVRYGGGSADGDSAVNPKDPTPGPPVDPEPSPDPEPEPTPDPEPSPDPEPEPSPDPDPDSDSDSDSGSDSDSGSDSDSESDSDSDSDSDSDSDSDSESDSDSESDSESDSDSDSDSDSDSDSDSDSDSDSDSDSDSDSDSDSDSDSDSDSDSDSDSDSDSDSDSDSDSDSDSDSDSDSDSDSDSDSDSDSDSDSDSDSDSDSDSDSDSDSDSDSDSDSDSDSDSDSDSDSDSDSDSDSDSDSDSDSDSDSDSDSDSDSDSDSDSDSDSDSDSDSDSDSRVTPPNNEQKAPSNPKGEVNHSNKVSKQHKTDALPETGDKSENTNATLFGAMMALLGSLLLFRKRKQDHKEKA	176.0	Clumping factor B precursor (Fibrinogen-binding protein B) (Fibrinogen receptor B)	Clumping factor B n=3 Tax=Staphylococcus aureus TaxID=1280 RepID=CLFB_STAA8
agilent_7803	HLA_DQB1_0603	QTISNAQGTSKPSVRTRAVRSLAVAEPVVNAADAKGTNVNDKVTASNFKLEKTTFDPNQSGNTF (1/1)	prot_1618	MKKRIDYLSNKQNKYSIRRFTVGTTSVIVGATILFGIGNHQAQASEQSNDTTQSSKNNASADSEKNNMIETPQLNTTANDTSDISANTNSANVDSTTKPMSTQTSNTTTTEPASTNETPQPTAIKNQATAAKMQDQTVPQEANSQVDNKTTNDANSIATNSELKNSQTLDLPQSSPQTISNAQGTSKPSVRTRAVRSLAVAEPVVNAADAKGTNVNDKVTASNFKLEKTTFDPNQSGNTFMAANFTVTDKVKSGDYFTAKLPDSLTGNGDVDYSNSNNTMPIADIKSTNGDVVAKATYDILTKTYTFVFTDYVNNKENINGQFSLPLFTDRAKAPKSGTYDANINIADEMFNNKITYNYSSPIAGIDKPNGANISSQIIGVDTASGQNTYKQTVFVNPKQRVLGNTWVYIKGYQDKIEESSGKVSATDTKLRIFEVNDTSKLSDSYYADPNDSNLKEVTDQFKNRIYYEHPNVASIKFGDITKTYVVLVEGHYDNTGKNLKTQVIQENVDPVTNRDYSIFGWNNENVVRYGGGSADGDSAVNPKDPTPGPPVDPEPSPDPEPEPTPDPEPSPDPEPEPSPDPDPDSDSDSDSGSDSDSGSDSDSESDSDSDSDSDSDSDSDSESDSDSESDSESDSDSDSDSDSDSDSDSDSDSDSDSDSDSDSDSDSDSDSDSDSDSDSDSDSDSDSDSDSDSDSDSDSDSDSDSDSDSDSDSDSDSDSDSDSDSDSDSDSDSDSDSDSDSDSDSDSDSDSDSDSDSDSDSDSDSDSDSDSDSDSDSDSDSDSDSDSDSDSDSDSDSDSDSDSRVTPPNNEQKAPSNPKGEVNHSNKVSKQHKTDALPETGDKSENTNATLFGAMMALLGSLLLFRKRKQDHKEKA	176.0	Clumping factor B precursor (Fibrinogen-binding protein B) (Fibrinogen receptor B)	Clumping factor B n=3 Tax=Staphylococcus aureus TaxID=1280 RepID=CLFB_STAA8
agilent_7803	HLA_DRB1_1301	QTISNAQGTSKPSVRTRAVRSLAVAEPVVNAADAKGTNVNDKVTASNFKLEKTTFDPNQSGNTF (1/1)	prot_1618	MKKRIDYLSNKQNKYSIRRFTVGTTSVIVGATILFGIGNHQAQASEQSNDTTQSSKNNASADSEKNNMIETPQLNTTANDTSDISANTNSANVDSTTKPMSTQTSNTTTTEPASTNETPQPTAIKNQATAAKMQDQTVPQEANSQVDNKTTNDANSIATNSELKNSQTLDLPQSSPQTISNAQGTSKPSVRTRAVRSLAVAEPVVNAADAKGTNVNDKVTASNFKLEKTTFDPNQSGNTFMAANFTVTDKVKSGDYFTAKLPDSLTGNGDVDYSNSNNTMPIADIKSTNGDVVAKATYDILTKTYTFVFTDYVNNKENINGQFSLPLFTDRAKAPKSGTYDANINIADEMFNNKITYNYSSPIAGIDKPNGANISSQIIGVDTASGQNTYKQTVFVNPKQRVLGNTWVYIKGYQDKIEESSGKVSATDTKLRIFEVNDTSKLSDSYYADPNDSNLKEVTDQFKNRIYYEHPNVASIKFGDITKTYVVLVEGHYDNTGKNLKTQVIQENVDPVTNRDYSIFGWNNENVVRYGGGSADGDSAVNPKDPTPGPPVDPEPSPDPEPEPTPDPEPSPDPEPEPSPDPDPDSDSDSDSGSDSDSGSDSDSESDSDSDSDSDSDSDSDSESDSDSESDSESDSDSDSDSDSDSDSDSDSDSDSDSDSDSDSDSDSDSDSDSDSDSDSDSDSDSDSDSDSDSDSDSDSDSDSDSDSDSDSDSDSDSDSDSDSDSDSDSDSDSDSDSDSDSDSDSDSDSDSDSDSDSDSDSDSDSDSDSDSDSDSDSDSDSDSDSDSDSDSDSDSDSDSDSDSRVTPPNNEQKAPSNPKGEVNHSNKVSKQHKTDALPETGDKSENTNATLFGAMMALLGSLLLFRKRKQDHKEKA	176.0	Clumping factor B precursor (Fibrinogen-binding protein B) (Fibrinogen receptor B)	Clumping factor B n=3 Tax=Staphylococcus aureus TaxID=1280 RepID=CLFB_STAA8
agilent_233907 							
agilent_237594	HLA_DQA1_0103	QTISNAQGTSKPSVRTRAVRSLAVAEPVVNAADAKGTNVNDKVTAKDFQLEKTTFDPNQSGNTF (1/1)	prot_17075	MKKRIDYLSNKQNKYSIRRFTVGTTSVIVGATILFGIGNHQAQASEQSNDTTQSSKNNASADSEKNNMIETPQLNTTANDTSDISANTNSANVDSTAKPMSTQTSNTTTTEPASTNETPQLTAIKDQATAAKMQDQTVPQEANSQVDNKTTNDANSIATNSELKNPQTLDLPQSSPQTISNAQGTSKPSVRTRAVRSLAVAEPVVNAADAKGTNVNDKVTAKDFQLEKTTFDPNQSGNTFMAANFTVTGQVKSGDYFTAKLPDSVTGNGDVDYSNSNNTMPIADIVNDKNEVVAKATYDILTKTYTFVFTDYVNDKQNINGKFSLPLFTDRAKAPKSGTYDANINIADEMFNNKITYNYSSPIAGIDKPNGANISSQIIGVDTASGQNTYKQTVFVNPKQRVLGNTWVYIKGYQDKIEESSGKVSATDTKLRIFEVNDTSKLSDSYYADPNDSNLKEVTDQFKDKITYKYQNVASINFGDINKTYVVLVEGHYDKTGKNLKTQVIQENVDPATGKDYSIFGWNNENVVRYGGGSADGDSAVNPKDPTPGPPVDPEPSPDPEPEPSPDPDPEPTPDPEPSPDPDPDSDSDSDSGSDSDSDSDSDSDSDSDSGSDSDSDSDSDSESDSESDSDSDSESDSDSDSDSESDSDSDSDSDSDSDSDSDSDSDSDSDSDSDSDSDSDSESDSDSDSDSESDSDSDSDSDSDSDSDSDSDSDSDSDSDSDSDSDSESDSDSDSDSDSDSDSDSDSDSDSDSDSDSDSDSDSDSESDSDSDSDSDSDSDSDSDSDSDSDSDSDSDSDSDSESDSDSDSDSDSDSDSDSDSDSDSDSDSDSDSRVTPPNNEQKAPSNPKGEVNHSNKVSKQHKTDALPETGDKSENTNATLFGAMMALLGSLLLFRKRKQDHKEKA	176.0	VFG001290(gb|NP_647368) (clfB) Clumping factor B, adhesin [Clumping factor (VF0004)] [Staphylococcus aureus subsp. aureus MW2]	MSCRAMM family adhesin clumping factor ClfB n=15 Tax=Staphylococcus aureus TaxID=1280 RepID=UPI000DA9B94C
agilent_237594	HLA_DQB1_0603	QTISNAQGTSKPSVRTRAVRSLAVAEPVVNAADAKGTNVNDKVTAKDFQLEKTTFDPNQSGNTF (1/1)	prot_17075	MKKRIDYLSNKQNKYSIRRFTVGTTSVIVGATILFGIGNHQAQASEQSNDTTQSSKNNASADSEKNNMIETPQLNTTANDTSDISANTNSANVDSTAKPMSTQTSNTTTTEPASTNETPQLTAIKDQATAAKMQDQTVPQEANSQVDNKTTNDANSIATNSELKNPQTLDLPQSSPQTISNAQGTSKPSVRTRAVRSLAVAEPVVNAADAKGTNVNDKVTAKDFQLEKTTFDPNQSGNTFMAANFTVTGQVKSGDYFTAKLPDSVTGNGDVDYSNSNNTMPIADIVNDKNEVVAKATYDILTKTYTFVFTDYVNDKQNINGKFSLPLFTDRAKAPKSGTYDANINIADEMFNNKITYNYSSPIAGIDKPNGANISSQIIGVDTASGQNTYKQTVFVNPKQRVLGNTWVYIKGYQDKIEESSGKVSATDTKLRIFEVNDTSKLSDSYYADPNDSNLKEVTDQFKDKITYKYQNVASINFGDINKTYVVLVEGHYDKTGKNLKTQVIQENVDPATGKDYSIFGWNNENVVRYGGGSADGDSAVNPKDPTPGPPVDPEPSPDPEPEPSPDPDPEPTPDPEPSPDPDPDSDSDSDSGSDSDSDSDSDSDSDSDSGSDSDSDSDSDSESDSESDSDSDSESDSDSDSDSESDSDSDSDSDSDSDSDSDSDSDSDSDSDSDSDSDSDSESDSDSDSDSESDSDSDSDSDSDSDSDSDSDSDSDSDSDSDSDSDSESDSDSDSDSDSDSDSDSDSDSDSDSDSDSDSDSDSDSESDSDSDSDSDSDSDSDSDSDSDSDSDSDSDSDSDSESDSDSDSDSDSDSDSDSDSDSDSDSDSDSDSRVTPPNNEQKAPSNPKGEVNHSNKVSKQHKTDALPETGDKSENTNATLFGAMMALLGSLLLFRKRKQDHKEKA	176.0	VFG001290(gb|NP_647368) (clfB) Clumping factor B, adhesin [Clumping factor (VF0004)] [Staphylococcus aureus subsp. aureus MW2]	MSCRAMM family adhesin clumping factor ClfB n=15 Tax=Staphylococcus aureus TaxID=1280 RepID=UPI000DA9B94C
agilent_237594	HLA_DRB1_1301	QTISNAQGTSKPSVRTRAVRSLAVAEPVVNAADAKGTNVNDKVTAKDFQLEKTTFDPNQSGNTF (1/1)	prot_17075	MKKRIDYLSNKQNKYSIRRFTVGTTSVIVGATILFGIGNHQAQASEQSNDTTQSSKNNASADSEKNNMIETPQLNTTANDTSDISANTNSANVDSTAKPMSTQTSNTTTTEPASTNETPQLTAIKDQATAAKMQDQTVPQEANSQVDNKTTNDANSIATNSELKNPQTLDLPQSSPQTISNAQGTSKPSVRTRAVRSLAVAEPVVNAADAKGTNVNDKVTAKDFQLEKTTFDPNQSGNTFMAANFTVTGQVKSGDYFTAKLPDSVTGNGDVDYSNSNNTMPIADIVNDKNEVVAKATYDILTKTYTFVFTDYVNDKQNINGKFSLPLFTDRAKAPKSGTYDANINIADEMFNNKITYNYSSPIAGIDKPNGANISSQIIGVDTASGQNTYKQTVFVNPKQRVLGNTWVYIKGYQDKIEESSGKVSATDTKLRIFEVNDTSKLSDSYYADPNDSNLKEVTDQFKDKITYKYQNVASINFGDINKTYVVLVEGHYDKTGKNLKTQVIQENVDPATGKDYSIFGWNNENVVRYGGGSADGDSAVNPKDPTPGPPVDPEPSPDPEPEPSPDPDPEPTPDPEPSPDPDPDSDSDSDSGSDSDSDSDSDSDSDSDSGSDSDSDSDSDSESDSESDSDSDSESDSDSDSDSESDSDSDSDSDSDSDSDSDSDSDSDSDSDSDSDSDSDSESDSDSDSDSESDSDSDSDSDSDSDSDSDSDSDSDSDSDSDSDSDSESDSDSDSDSDSDSDSDSDSDSDSDSDSDSDSDSDSDSESDSDSDSDSDSDSDSDSDSDSDSDSDSDSDSDSDSESDSDSDSDSDSDSDSDSDSDSDSDSDSDSDSRVTPPNNEQKAPSNPKGEVNHSNKVSKQHKTDALPETGDKSENTNATLFGAMMALLGSLLLFRKRKQDHKEKA	176.0	VFG001290(gb|NP_647368) (clfB) Clumping factor B, adhesin [Clumping factor (VF0004)] [Staphylococcus aureus subsp. aureus MW2]	MSCRAMM family adhesin clumping factor ClfB n=15 Tax=Staphylococcus aureus TaxID=1280 RepID=UPI000DA9B94C
agilent_321							
agilent_3328	HLA_DRB1_1101	GQGDGGRRKKGGWFGKHRGQGGSNPKFENIAEGLRALLARSHVERTTDEGTWVAGVFVYGGSKT (2/3)	prot_1957	MSDEGPGTGPGNGLGEKGDTSGPEGSGGSGPQRRGGDNHGRGRGRGRGRGGGRPGAPGGSGSGPRHRDGVRRPQKRPSCIGCKGTHGGTGAGAGAGGAGAGGAGAGGGAGAGGGAGGAGGAGGAGAGGGAGAGGGAGGAGGAGAGGGAGAGGGAGGAGAGGGAGGAGGAGAGGGAGAGGGAGGAGAGGGAGGAGGAGAGGGAGAGGAGGAGGAGAGGAGAGGGAGGAGGAGAGGAGAGGAGAGGAGAGGAGGAGAGGAGGAGAGGAGGAGAGGGAGGAGAGGGAGGAGAGGAGGAGAGGAGGAGAGGAGGAGAGGGAGAGGAGAGGGGRGRGGSGGRGRGGSGGRGRGGSGGRRGRGRERARGGSRERARGRGRGRGEKRPRSPSSQSSSSGSPPRRPPPGRRPFFHPVGEADYFEYHQEGGPDGEPDVPPGAIEQGPADDPGEGPSTGPRGQGDGGRRKKGGWFGKHRGQGGSNPKFENIAEGLRALLARSHVERTTDEGTWVAGVFVYGGSKTSLYNLRRGTALAIPQCRLTPLSRLPFGMAPGPGPQPGPLRESIVCYFMVFLQTHIFAEVLKDAIKDLVMTKPAPTCNIRVTVCSFDDGVDLPPWFPPMVEGAAAEGDDGDDGDEGGDGDEGEEGQE	451.0	Epstein-Barr nuclear antigen 1 & EBNA-1 protein [Human gammaherpesvirus 4] & EBNA-1 protein & EBNA-1 & EBNA1 protein, partial [Human gammaherpesvirus 4] & EBNA1, partial [Human gammaherpesvirus 4] & EBNA1 protein [Human gammaherpesvirus 4] & BKRF1 & EBV nuclear antigen 1, partial [Human gammaherpesvirus 4] & EBNA1 [Human gammaherpesvirus 4] & EBNA-1 [Human gammaherpesvirus 4] & nuclear antigen EBNA1	Epstein-Barr nuclear antigen 1 n=37 Tax=Epstein-Barr virus (strain GD1) TaxID=10376 RepID=EBNA1_EBVB9
agilent_11813							
agilent_60579	HLA_DQB1_0501	FIQSLKDDPSQSTNVLGEAKKLNESQAPKADNNFNKEQQNAFYEILNMPNLNEEQRNGFIQSLK (1/1)	prot_19456	MKKKNIYSIRKLGVGIASVTLGTLLISGGVTPAANAAQHDEAQQNAFYQVLNMPNLNADQRNGFIQSLKDDPSQSANVLGEAQKLNDSQAPKADAQQNKFNKDQQSAFYEILNMPNLNEEQRNGFIQSLKDDPSQSTNVLGEAKKLNESQAPKADNNFNKEQQNAFYEILNMPNLNEEQRNGFIQSLKDDPSQSANLLAEAKKLNESQAPKADNKFNKEQQNAFYEILHLPNLNEEQRNGFIQSLKDDPSQSANLLAEAKKLNDAQAPKADNKFNKEQQNAFYEILHLPNLTEEQRNGFIQSLKDDPSVSKEILAEAKKLNDAQAPKEEDNNKPGKEDNNKPGKEDGNKPGKEDNKKPGKEDGNKPGKEDNKKPGKEDGNKPGKEDGNKPGKEDGNKPGKEDGNKPGKEDGNKPGKEDGNGVHVVKPGDTVNDIAKANGTTADKIAADNKLADKNMIKPGQELVVDKKQPANHADANKAQALPETGEENPFIGTTVFGGLSLALGAALLAGRRREL	124.0	WP_000728715.1 strains_non_MPA_non_topgraph_cdhit70_190118.csv	staphylococcal protein A n=1 Tax=Staphylococcus aureus TaxID=1280 RepID=UPI0004537308
